Brand,Code and Color,Price
"Burberry","4291 3001/G 38","LE 11,671.26 EGP"
"Dolce & Gabbana","6184 501/87 52","LE 12,928.81 EGP"
"Burberry","4293 3806/87 56","LE 10,593.36 EGP"
"Dolce & Gabbana","6177 501/87 46","LE 12,928.81 EGP"
"Gucci","1346SK 001 56","LE 9,401.68 EGP"
"Gucci","1221S 004 56","LE 20,599.87 EGP"
"Gucci","1278S 005 55","LE 21,977.19 EGP"
"Dolce & Gabbana","6125 501/M 35","LE 12,928.81 EGP"
"Dolce & Gabbana","2233 01/87 43","LE 16,521.81 EGP"
"Gucci","1436S 003 99","LE 23,354.50 EGP"
"Prada","06YS 09Q/5S0 53","LE 21,731.67 EGP"
"Burberry","4291 3007/H 38","LE 11,671.26 EGP"
"Gucci","1582SK 001 54","LE 9,401.68 EGP"
"Dolce & Gabbana","6125 3277/87 35","LE 14,126.48 EGP"
"Gucci","1570S 004 57","LE 12,395.85 EGP"
"Dolce & Gabbana","2270 3276/87 57","LE 10,653.25 EGP"
"Burberry","3125 1017/81 59","LE 13,767.18 EGP"
"Gucci","1346SK 005 56","LE 9,401.68 EGP"
"Gucci","1582SK 003 54","LE 9,401.68 EGP"
"Gucci","1570S 001 57","LE 10,539.47 EGP"
"Burberry","4291 3001/G 38","LE 11,671.26 EGP"
"Dolce & Gabbana","6184 501/87 52","LE 12,928.81 EGP"
"Burberry","4293 3806/87 56","LE 10,593.36 EGP"
"Dolce & Gabbana","6177 501/87 46","LE 12,928.81 EGP"
"Gucci","1346SK 001 56","LE 9,401.68 EGP"
"Gucci","1221S 004 56","LE 20,599.87 EGP"
"Gucci","1278S 005 55","LE 21,977.19 EGP"
"Dolce & Gabbana","6125 501/M 35","LE 12,928.81 EGP"
"Dolce & Gabbana","2233 01/87 43","LE 16,521.81 EGP"
"Gucci","1436S 003 99","LE 23,354.50 EGP"
"Prada","06YS 09Q/5S0 53","LE 21,731.67 EGP"
"Burberry","4291 3007/H 38","LE 11,671.26 EGP"
"Gucci","1582SK 001 54","LE 9,401.68 EGP"
"Dolce & Gabbana","6125 3277/87 35","LE 14,126.48 EGP"
"Gucci","1570S 004 57","LE 12,395.85 EGP"
"Dolce & Gabbana","2270 3276/87 57","LE 10,653.25 EGP"
"Burberry","3125 1017/81 59","LE 13,767.18 EGP"
"Gucci","1346SK 005 56","LE 9,401.68 EGP"
"Gucci","1582SK 003 54","LE 9,401.68 EGP"
"Gucci","1570S 001 57","LE 10,539.47 EGP"
"Gucci","0748S 002 59","LE 9,401.68 EGP"
"Tom Ford","FAUSTO 0711 56E 53","LE 19,462.09 EGP"
"Burberry","4291 4049/6G 38","LE 11,671.26 EGP"
"Saint Laurent","500 001 54","LE 8,922.62 EGP"
"Prada","58YS ZVN/5Y1 57","LE 21,731.67 EGP"
"Gucci","0962S 014 55","LE 13,294.10 EGP"
"Gucci","1262S 003 54","LE 20,599.87 EGP"
"Rayban","CLUBMASTER CLASSIC 3016 W0366 51","LE 7,060.25 EGP"
"Prada","22YS 2AU/06B 56","LE 20,534.00 EGP"
"Gucci","0962S 011 55","LE 12,395.85 EGP"
"Prada","17WS 13N/5S0 49","LE 21,731.67 EGP"
"Off-White","VIRGIL OERI008 1007 50","LE 16,408.04 EGP"
"Tom Ford","FAUSTO 0711-N 02A 53","LE 19,462.09 EGP"
"Tom Ford","FAUSTO 0711 52F 53","LE 19,462.09 EGP"
"Gucci","0341S 003 56","LE 14,192.35 EGP"
"Gucci","1346SK 003 56","LE 9,401.68 EGP"
"Tom Ford","DAX 0751 52N 48","LE 17,905.12 EGP"
"Prada","58YS 1BC/02R 57","LE 19,336.33 EGP"
"Burberry","JARVIS 4376U 3804/87 55","LE 11,072.43 EGP"
"Maui Jim","AEKO 886 17 55","LE 12,449.75 EGP"
"Burberry","3125 1003/8 59","LE 11,671.26 EGP"
"Rayban","WAYFARER 2140 902 50","LE 6,700.95 EGP"
"Maui Jim","SUGAR BEACH 421 02 62","LE 7,898.61 EGP"
"Gucci","1540S 002 55","LE 11,018.54 EGP"
"Rayban","WAYFARER REVERSE R0502S 6709/CB 53","LE 8,018.38 EGP"
"Tom Ford","FAUSTO 0711 25E 53","LE 21,857.42 EGP"
"Balmain","B GRAND BPS 144-B 57","LE 53,026.70 EGP"
"Burberry","3151 1109/87 60","LE 13,886.95 EGP"
"Gucci","1637S 002 99","LE 12,815.04 EGP"
"Tom Ford","DAX 0751 01V 48","LE 19,102.79 EGP"
"Off-White","VIRGIL OERI126 0155 53","LE 16,408.04 EGP"
"Prada","A16S 16K/731 52","LE 22,869.45 EGP"
"Burberry","4397U 4071/87 58","LE 10,593.36 EGP"
"Burberry","4402U 3464/87 56","LE 10,593.36 EGP"
"Cartier","0330S 007 57","LE 53,655.48 EGP"
"Off-White","CATALINA OERI128 6055 55","LE 16,408.04 EGP"
"Maui Jim","KAHIKO 635 02 53","LE 7,898.61 EGP"
"Tom Ford","FAUSTO 0711 84V 53","LE 19,462.09 EGP"
"Montblanc","0270S 005 51","LE 18,803.37 EGP"
"Rayban","WAYFARER 2140 902/57 50","LE 7,958.50 EGP"
"Gucci","1460S 004 56","LE 15,150.49 EGP"
"Akoni","SKYMAPPER AKS-501C BLK-BLU (LIMITED EDITION) 51","LE 50,002.59 EGP"
"Akoni","SOLIS AKS-507C GLD - BRN 51","LE 61,679.84 EGP"
"Prada","25ZS 1AB/08G 53","LE 25,863.62 EGP"
"Bottega Veneta","1012S 006 60","LE 15,569.67 EGP"
"Prada","04WS DG0/02U 39","LE 18,617.73 EGP"
"Rayban","AVIATOR REVERSE R0101S 002/GS 59","LE 8,437.56 EGP"
"Giorgio Armani","6115T 3002/2 48","LE 21,731.67 EGP"
"Rayban","AVIATOR LARGE METAL 3025 001/58 55","LE 7,958.50 EGP"
"Rayban","WAYFARER REVERSE R0502S 6677/VR 53","LE 7,599.20 EGP"
"Prada","71ZS 1AB/03T 56","LE 21,731.67 EGP"
"Prada","27ZS 15O/60E 54","LE 21,731.67 EGP"
"Gucci","1618SA 001 56","LE 19,701.62 EGP"
"Gucci","1320S 003 54","LE 12,815.04 EGP"
"Montblanc","0338S 001 52","LE 14,671.42 EGP"
"Bottega Veneta","1271S 004 53","LE 20,599.87 EGP"
"Gucci","1856S 001 57","LE 9,401.68 EGP"
"Gucci","1436S 004 99","LE 21,558.00 EGP"
"Akoni","DISCOVERY 509A BLK-RSE 55","LE 65,212.96 EGP"
"Burberry","4401U 3001/87 30","LE 11,671.26 EGP"
"Bottega Veneta","1261S 001 56","LE 16,048.74 EGP"
"Versace","4436U GB1/81 57","LE 14,126.48 EGP"
"Dolce & Gabbana","6125 2525/87 35","LE 12,928.81 EGP"
"Tom Ford","VINCENT 1176 52E 56","LE 20,060.92 EGP"
"Tom Ford","RENEE 0847 52B 52","LE 21,857.42 EGP"
"Rayban","R0101S 001/69 59","LE 7,599.20 EGP"
"Christian Dior","CD LINK A1U 40026U F0B8 61","LE 30,420.74 EGP"
"VAVA Eyewear","WL0026 BLACK 52","LE 35,630.59 EGP"
"VAVA Eyewear","SUZANNE CIANI CL0019 (LIMITED EDITION) BLACK 47","LE 50,601.43 EGP"
"Emporio Armani","4115 5042/1W CLIP ON 54","LE 9,156.16 EGP"
"Balmain","B VI BPS 128-C 54","LE 51,529.62 EGP"
"Balmain","B VI BPS 128-E 54","LE 51,529.62 EGP"
"Balmain","OFFICIER BPS 108B 58","LE 63,626.05 EGP"
"Maybach","THE REBEL II MG-AV-Z36 54","LE 99,945.30 EGP"
"Maybach","THE COMMANDER I P-Z60 64","LE 99,047.05 EGP"
"Gucci","1582SK 002 54","LE 9,401.68 EGP"
"Montblanc","0354S 006 52","LE 13,294.10 EGP"
"Gucci","1529S 003 54","LE 18,803.37 EGP"
"Gucci","1436S 002 99","LE 21,558.00 EGP"
"Tom Ford","RENEE 0847 01B 52","LE 21,857.42 EGP"
"Alexander Mcqueen","0506S 004 50","LE 16,527.80 EGP"
"Versace","4403 GB1/87 57","LE 14,366.01 EGP"
"Gucci","1804S 002 54","LE 19,701.62 EGP"
"Burberry","4431U 4125/87 56","LE 11,072.43 EGP"
"Maybach","THE ORBIT I-B/P-AIM-M66 138","LE 121,563.19 EGP"
"Prada","58ZS 1AB/06L 70","LE 25,204.90 EGP"
"Rayban","HEXAGONAL 3548N 001/58 51","LE 8,377.68 EGP"
"Emporio Armani","4189U 5088/1W CLIP ON 55","LE 11,551.50 EGP"
"Tom Ford","CAMDEN 0933 01A 58","LE 21,857.42 EGP"
"Off-White","VIRGIL OERI126 1307 50","LE 16,408.04 EGP"
"Maui Jim","LAULIMA 626 02 61","LE 10,174.18 EGP"
"Dolce & Gabbana","6125 3312/6V 35","LE 14,126.48 EGP"
"Hugo Boss","1502/S I62/KU 54","LE 11,258.07 EGP"
"Gast","DOL DL02 52","LE 8,683.08 EGP"
"Versace","2266 1001/3H 64","LE 17,180.53 EGP"
"Prada","06YS 17M/5S0 53","LE 21,731.67 EGP"
"Prada","A07S 1AB/5S0 52","LE 22,869.45 EGP"
"Rayban","3719 9262/3F 54","LE 7,120.13 EGP"
"Gucci","0900S 002 60","LE 21,977.19 EGP"
"Tom Ford","5532-B 01V CLIP ON 49","LE 35,331.17 EGP"
"David Beckham","1144/CS 0NR/UC CLIP ON 52","LE 15,330.14 EGP"
"Burberry","4401U 3001/55 30","LE 11,671.26 EGP"
"Gucci","0964S 001 55","LE 15,150.49 EGP"
"Saint Laurent","617 002 53","LE 18,803.37 EGP"
"Tom Ford","FAUSTO 0711 75S 53","LE 19,462.09 EGP"
"Cartier","0306S0 002 59","LE 48,864.81 EGP"
"Christian Dior","CD LINK S1U 88B8 54","LE 25,689.95 EGP"
"Christian Dior","DIORBLACKSUIT S4I 40033I 10A0 55","LE 20,899.29 EGP"
"Gucci","1615S 001 57","LE 19,701.62 EGP"
"Akoni","TIROS 510A BLK-BLK 58","LE 61,081.01 EGP"
"Prada","25ZS U43/0A9 56","LE 22,869.45 EGP"
"Prada","19WS U43/09T 52","LE 21,731.67 EGP"
"Cartier","0385S 004 60","LE 58,446.14 EGP"
"Christian Dior","DIORSNOW A1I 40099I 11K7 57","LE 43,355.54 EGP"
"Gucci","1540S 003 55","LE 12,815.04 EGP"
"Gucci","1309S 006 57","LE 18,803.37 EGP"
"Bottega Veneta","1236S 001 57","LE 15,569.67 EGP"
"Burberry","BLAINE 3141 1003/80 61","LE 11,671.26 EGP"
"Gigi Studios","IVY 6708 C3 45","LE 7,281.81 EGP"
"Dolce & Gabbana","4430 3403/1U 54","LE 15,144.50 EGP"
"Rayban","AVIATOR 3025I L0205 58","LE 4,844.56 EGP"
"Rayban","NEW AVIATOR 3625 002/B1 58","LE 7,180.01 EGP"
"Rayban","CLUBMASTER 3016 W0365 49","LE 7,060.25 EGP"
"Rayban","WAYFARER 2140 901 50","LE 7,060.25 EGP"
"Gucci","1457S 004 57","LE 16,048.74 EGP"
"Gucci","0962S 013 55","LE 13,294.10 EGP"
"Gucci","1460S 008 56","LE 23,354.50 EGP"
"Gucci","1309S 005 57","LE 18,803.37 EGP"
"Gast","RIVA RIV09 49","LE 8,742.97 EGP"
"Gucci","1262S 002 54","LE 20,599.87 EGP"
"Rayban","AVIATOR REVERSE R0101S 004/CB 62","LE 8,018.38 EGP"
"Rayban","HEXAGONAL 3548N 001 51","LE 7,060.25 EGP"
"Dolce & Gabbana","6196 2525/87 59","LE 18,557.85 EGP"
"Giorgio Armani","6115T 3002/5 48","LE 21,731.67 EGP"
"Gucci","1084S 003 54","LE 16,946.99 EGP"
"David Beckham","1132/F/S RHL/IR 60","LE 11,018.54 EGP"
"Fendi","40091U 90V 54","LE 22,635.90 EGP"
"T Henri","CORSA JAGUAR 25","LE 115,556.89 EGP"
"Frency & Mercury","MY BURRITO III ABS 55","LE 19,387.83 EGP"
"Gucci","1311S 001 61","LE 32,313.05 EGP"
"Akoni","ARA AKS-104B TRT-AMB 52","LE 43,056.12 EGP"
"Prada","LINEA ROSSA 09WS 13C/01S 62","LE 14,066.60 EGP"
"Frency & Mercury","THE VANTAGE MB 55","LE 24,755.77 EGP"
"Prada","61V","LE 41,259.62 EGP"
"Balenciaga","0232S 004 91","LE 11,012.55 EGP"
"Burberry","4451U 4112/87 54","LE 24,552.17 EGP"
"Dolce & Gabbana","4431 3160/87 55","LE 15,024.73 EGP"
"Dolce & Gabbana","4499 502/73 57","LE 15,144.50 EGP"
"Dolce & Gabbana","4507 502/73 27","LE 16,821.23 EGP"
"Dolce & Gabbana","4507 501/87 27","LE 16,821.23 EGP"
"Dolce & Gabbana","4496 502/73 54","LE 16,821.23 EGP"
"Burberry","4452U 4112/87 53","LE 16,821.23 EGP"
"Burberry","4451U 4174/71 54","LE 15,024.73 EGP"
"Burberry","4458U 3464/87 55","LE 15,024.73 EGP"
"Burberry","3147 1005/M4 58","LE 11,671.26 EGP"
"Burberry","4451U 3002/73 54","LE 15,324.15 EGP"
"Burberry","4460U 4172/69 40","LE 15,024.73 EGP"
"Burberry","4458U 3002/73 55","LE 11,671.26 EGP"
"Burberry","4458U 4110/80 55","LE 11,671.26 EGP"
"Burberry","4458U 4170/71 55","LE 11,671.26 EGP"
"Persol","3354S 96/56 56","LE 17,120.65 EGP"
"Carrera","1067/S I46/YL 62","LE 8,084.25 EGP"
"Carrera","340/S QUM/QT 57","LE 5,928.45 EGP"
"Carrera","8066/CS 0AM/SP CLIP ON 50","LE 5,629.03 EGP"
"David Beckham","7127/S KB7/NU 54","LE 10,719.12 EGP"
"David Beckham","7127/S EX4/9K 54","LE 10,719.12 EGP"
"Rayban","LUKAS 4454 1359/B1 56","LE 7,060.25 EGP"
"Rayban","4458D 601/6V 65","LE 6,760.83 EGP"
"Persol","3345S 96/56 54","LE 17,120.65 EGP"
"Gucci","1711S 002 CLIP ON 53","LE 21,558.00 EGP"
"Off-White","MOBERLY OERI114 1007 54","LE 16,408.04 EGP"
"Carrera","1070/S 80S/08 60","LE 6,826.70 EGP"
"Off-White","LAWTON OERI109 6055 54","LE 14,431.89 EGP"
"Balmain","CAPTAINE BPS 125-B 62","LE 66,680.10 EGP"
"Prada","LINEA ROSSA A51S 1BO/06F 57","LE 17,420.06 EGP"
"Saint Laurent","SUNRISE 534 008 52","LE 15,809.20 EGP"
"Gucci","1637S 001 99","LE 12,395.85 EGP"
"Akoni","JUNO TWO AKS 307E GLD-CRY 47","LE 54,194.43 EGP"
"Gucci","1730S 002 50","LE 16,946.99 EGP"
"Akoni","JUPITER AKS-519C BLK-BLK 46","LE 54,194.43 EGP"
"T Henri","GYRA GYAE ( LIMITED EDITION ) 51","LE 140,785.74 EGP"
"T Henri","TIRRENO TAW ( LIMITED EDITION ) 52","LE 71,500.71 EGP"
"Gucci","1517S 002 54","LE 21,078.94 EGP"
"Montblanc","0339S 003 53","LE 16,048.74 EGP"
"Montblanc","0204S 002 50","LE 14,192.35 EGP"
"Dolce & Gabbana","4411 501/87 54","LE 16,821.23 EGP"
"Dolce & Gabbana","2294 04/6G 59","LE 18,557.85 EGP"
"Saint Laurent","586 002 56","LE 8,922.62 EGP"
"Saint Laurent","572 008 50","LE 18,084.77 EGP"
"Bugatti","08 MATTE GUNMETAL - ROSE GOLD 58","LE 108,867.92 EGP"
"Gucci","1677S 003 62","LE 18,803.37 EGP"
"Gucci","1677S 005 62","LE 20,599.87 EGP"
"Jacquemus","AVIADOR 067 C3 63","LE 22,635.90 EGP"
"Jacquemus","AVIADOR 067 C1 63","LE 22,635.90 EGP"
"Philipp Plein","SPP149V 0722 54","LE 23,833.57 EGP"
"Philipp Plein","SPP152M 508 63","LE 35,630.59 EGP"
"Off-White","OERI126 6E55 53","LE 16,408.04 EGP"
"Off-White","OERI14C 1045 CLIP ON 50","LE 19,042.90 EGP"
"Off-White","OERI109 6E55 54","LE 14,431.89 EGP"
"Gucci","1732SK 004 55","LE 16,048.74 EGP"
"Marc Jacobs","775/S 807/9O 53","LE 8,024.37 EGP"
"Off-White","OERI14C 1055 CLIP ON 50","LE 19,042.90 EGP"
"Off-White","OERI13F 0107 53","LE 16,408.04 EGP"
"Marc Jacobs","784/S 0NZ/HA 60","LE 12,515.62 EGP"
"Off-White","OERI13U 6045 49","LE 14,431.89 EGP"
"Marc Jacobs","789/S 807/9O 55","LE 9,521.45 EGP"
"Off-White","OERI133 0945 56","LE 14,431.89 EGP"
"Off-White","OERI14G 7607 141","LE 22,935.32 EGP"
"Marc Jacobs","119/S ZY1/HA 54","LE 7,485.42 EGP"
"Off-White","OERI14F 1007 133","LE 22,935.32 EGP"
"Marc Jacobs","415/S 003/IR 56","LE 8,623.20 EGP"
"Off-White","OERI14C 1025 CLIP ON 50","LE 19,042.90 EGP"
"Off-White","OERI14C 1007 CLIP ON 50","LE 19,042.90 EGP"
"Off-White","OERI14C 1018 CLIP ON 50","LE 19,042.90 EGP"
"Michael Kors","SNOWMASS 1152 1005/6G 42","LE 7,599.20 EGP"
"Off-White","SILVERSTONE OERI146 1025 52","LE 16,408.04 EGP"
"Off-White","SILVERSTONE OERI146 6062 52","LE 16,408.04 EGP"
"Off-White","SILVERSTONE OERI146 1007 52","LE 16,408.04 EGP"
"Off-White","OREGON OERI145 1007 52","LE 16,408.04 EGP"
"Off-White","OREGON OERI145 1018 52","LE 16,408.04 EGP"
"Off-White","OREGON OERI145 0107 52","LE 16,408.04 EGP"
"Off-White","CHESTER OERI149 5664 54","LE 16,408.04 EGP"
"Off-White","WINDSOR OERI142 1864 52","LE 16,408.04 EGP"
"Michael Kors","MURREN 2218U 3943/3H 58","LE 8,617.21 EGP"
"Michael Kors","EGER 2216U 3966/88 52","LE 6,820.71 EGP"
"Michael Kors","SNOWMASS 1152 1002/E 42","LE 7,599.20 EGP"
"Michael Kors","1149 1895/80 37","LE 7,599.20 EGP"
"Michael Kors","2194 3738/EL 69","LE 8,198.03 EGP"
"Off-White","WINDSOR OERI142 5655 52","LE 16,408.04 EGP"
"Cartier","0539S 002 49","LE 36,648.61 EGP"
"Cartier","0498S 005 55","LE 63,775.76 EGP"
"Cartier","0532S 003 58","LE 69,105.38 EGP"
"Cartier","0533S 001 58","LE 69,105.38 EGP"
"Cartier","0533S 003 58","LE 69,105.38 EGP"
"Gucci","1819S 003 57","LE 11,437.72 EGP"
"Gucci","1893S 002 53","LE 15,150.49 EGP"
"Michael Kors","MURREN 2218U 3005/87 58","LE 8,617.21 EGP"
"Gucci","1893S 001 53","LE 15,150.49 EGP"
"Cartier","0012S 002 54","LE 36,648.61 EGP"
"Gucci","1856S 005 57","LE 11,258.07 EGP"
"Gucci","1881S 002 54","LE 14,192.35 EGP"
"Gucci","1881S 001 54","LE 14,192.35 EGP"
"Alexander Mcqueen","0495S 003 55","LE 16,048.74 EGP"
"Alexander Mcqueen","0495S 001 55","LE 16,048.74 EGP"
"Alexander Mcqueen","0505S 002 52","LE 16,527.80 EGP"
"Alexander Mcqueen","0505S 001 52","LE 16,527.80 EGP"
"Bottega Veneta","1351S 002 50","LE 18,803.37 EGP"
"Bottega Veneta","1351S 005 50","LE 18,803.37 EGP"
"David Beckham","7100/S 807/IR 52","LE 11,018.54 EGP"
"Coach","7163 9346/87 52","LE 6,940.48 EGP"
"Bottega Veneta","1331S 002 50","LE 16,946.99 EGP"
"Bottega Veneta","1236S 002 57","LE 14,671.42 EGP"
"Cartier","0393S 004 52","LE 49,403.76 EGP"
"Cartier","0306S 004 59","LE 51,559.56 EGP"
"Gucci","1819S 005 57","LE 11,437.72 EGP"
"Versace","4483D 108/8G 57","LE 15,503.80 EGP"
"Versace","4459 GB1/87 54","LE 17,180.53 EGP"
"Emporio Armani","4232 6175/87 57","LE 8,557.33 EGP"
"Emporio Armani","4237 6186/EF 53","LE 9,156.16 EGP"
"Cartier","0468S 003 58","LE 52,637.46 EGP"
"Emporio Armani","2155 3379/71 58","LE 9,156.16 EGP"
"Emporio Armani","4218 5001/6G 35","LE 10,413.71 EGP"
"Emporio Armani","4224 6095/73 57","LE 8,557.33 EGP"
"Emporio Armani","4211 5001/1W CLIP ON 52","LE 10,413.71 EGP"
"Carrera","1070/S RHL/9O 62","LE 6,826.70 EGP"
"Emporio Armani","4184 5624/87 49","LE 4,125.96 EGP"
"Christian Dior","CD DIAMOND M1U 40134U-L 10A0 137","LE 38,385.22 EGP"
"Emporio Armani","4232F 6174/87 57","LE 8,557.33 EGP"
"Emporio Armani","4219 5001/6G 57","LE 9,156.16 EGP"
"Emporio Armani","2147 3001/87 58","LE 9,755.00 EGP"
"Emporio Armani","4235 6186/1W CLIP ON 55","LE 9,755.00 EGP"
"Emporio Armani","4235 6185/1W CLIP ON 55","LE 9,755.00 EGP"
"Emporio Armani","4239U 5017/69 55","LE 9,755.00 EGP"
"Emporio Armani","2155 3001/87 58","LE 9,156.16 EGP"
"Off-White","VIRGIL OERI008 6045 50","LE 16,408.04 EGP"
"Off-White","VIRGIL OERI008 107 53","LE 16,408.04 EGP"
"Off-White","VIRGIL OERI008 1807 50","LE 16,408.04 EGP"
"Off-White","VIRGIL OERI008 1030 50","LE 16,408.04 EGP"
"Off-White","VIRGIL OERI008 928 50","LE 16,408.04 EGP"
"Rayban","HEXAGONAL 3548 9196/BF 54","LE 7,060.25 EGP"
"Off-White","OREGON OERI145 6045 52","LE 16,408.04 EGP"
"Rayban","HEXAGONAL 3548 001/3F 51","LE 7,479.43 EGP"
"Rayban","4429 6723/32 55","LE 7,479.43 EGP"
"Carrera","338/S RHL/9O 58","LE 6,527.28 EGP"
"Carrera","314/S KB7/IR 50","LE 4,970.32 EGP"
"Rayban","OVAL 3547 001/1A 51","LE 7,060.25 EGP"
"Emporio Armani","4253U 5017/65 54","LE 9,755.00 EGP"
"Rayban","ARI 3758 003/2V 56","LE 7,239.90 EGP"
"Rayban","ARI 3758 003/81 56","LE 7,239.90 EGP"
"Akoni","SOLIS AKS 507F GLD-BLK 51","LE 64,075.18 EGP"
"Akoni","JUPITER AKS-519B SLV-GRY 46","LE 54,194.43 EGP"
"Akoni","JUPITER AKS-519A GLD-BLK 46","LE 54,194.43 EGP"
"Akoni","JUNO TWO AKS-307D BLK-BLK 47","LE 54,194.43 EGP"
"Rayban","WAYFARER 2140 901/5F 50","LE 8,377.68 EGP"
"Rayban","MEGA WAYFARER 0840S 954/57 51","LE 8,796.86 EGP"
"Rayban","4487 6630/8G 54","LE 6,042.23 EGP"
"Rayban","3733 001/31 59","LE 6,581.18 EGP"
"Rayban","3025I 001/58 55","LE 6,102.11 EGP"
"Rayban","WAYFARER WAY 2241 901/31 51","LE 7,060.25 EGP"
"Rayban","HEXAGONAL 3548N 001/R5 51","LE 7,060.25 EGP"
"Prada","B12S 15W/04D 55","LE 25,863.62 EGP"
"Emporio Armani","2150 3013/71 57","LE 10,413.71 EGP"
"Rayban","WAYFARER 2140 1407/R5 50","LE 9,216.05 EGP"
"Rayban","AVIATOR 3025I 003/3F 62","LE 5,084.10 EGP"
"Tom Ford","1026 01B 61","LE 23,055.09 EGP"
"Rayban","WAYFARER 2140 1387/GG 50","LE 13,527.65 EGP"
"Rayban","WAYFARER 2140 1387/31 50","LE 9,216.05 EGP"
"Emporio Armani","2165D 3003/87 58","LE 8,557.33 EGP"
"Emporio Armani","4253U 6271/73 54","LE 9,755.00 EGP"
"Versace","2275 1002/80 60","LE 21,192.72 EGP"
"Emporio Armani","4253U 6270/65 54","LE 9,755.00 EGP"
"Rayban","4458D 6450/87 65","LE 5,922.46 EGP"
"Rayban","4458D 601/9A 65","LE 7,239.90 EGP"
"Rayban","4451 601/B1 50","LE 7,958.50 EGP"
"Prada","25ZS 1AB/05Z 56","LE 25,863.62 EGP"
"Hugo Boss","1726/G/CS 807/M9 CLIP ON 55","LE 14,611.54 EGP"
"Rayban","4458D 714/13 65","LE 6,341.65 EGP"
"Hugo Boss","1314/S PJP/IR 55","LE 7,425.53 EGP"
"Hugo Boss","1726/G/CS WR7/LB CLIP ON 55","LE 14,611.54 EGP"
"Emporio Armani","4248U 6258/6H 58","LE 7,958.50 EGP"
"Hugo Boss","1331/G/CS2 OIT/99 CLIP ON 56","LE 10,120.29 EGP"
"Emporio Armani","4248U 5001/6G 58","LE 7,958.50 EGP"
"Hugo Boss","1313/S R81/9O 56","LE 8,024.37 EGP"
"Hugo Boss","1625/S 8AS/QT 50","LE 10,599.35 EGP"
"Tom Ford","GARRETT 0862 52E 54","LE 20,300.45 EGP"
"Emporio Armani","4252U 6270/65 57","LE 9,755.00 EGP"
"Rayban","AVIATOR LARGE METAL 3025 9202/31 58","LE 6,700.95 EGP"
"Rayban","OVAL 3547 001/3M 51","LE 7,479.43 EGP"
"Emporio Armani","2165D 3001/87 58","LE 8,557.33 EGP"
"Rayban","RAIMOND 2231 901/31 56","LE 7,060.25 EGP"
"Rayban","3751 002/31 58","LE 6,581.18 EGP"
"Saint Laurent","572 007 50","LE 18,803.37 EGP"
"Rayban","3746 9270/3F 56","LE 7,479.43 EGP"
"Maui Jim","HOOKIPA ULTRA AF 0677SA 004 60","LE 10,593.36 EGP"
"Prada","02ZSU MAG/06F 55","LE 16,282.28 EGP"
"Rayban","JUSTIN 4165 865/9A 54","LE 7,239.90 EGP"
"Rayban","CLUBMASTER 3016 1278/B1 49","LE 7,060.25 EGP"
"Rayban","YEVI 3728 9213/6V 55","LE 6,760.83 EGP"
"Rayban","DRIFTER 0360S 901/31 57","LE 7,479.43 EGP"
"Saint Laurent","756 001 64","LE 14,671.42 EGP"
"Rayban","JUSTIN 4165 865/T5 54","LE 7,359.66 EGP"
"Mykita","RIKU C056 55","LE 38,205.57 EGP"
"Rayban","3728 004/84 58","LE 5,623.05 EGP"
"Burberry","4437U 4124/87 55","LE 15,024.73 EGP"
"Rayban","DRIFTER 0360S 902/M3 57","LE 8,856.75 EGP"
"Pugnale Eyewear","16 YEAR N467S31 BLACK 47","LE 56,709.53 EGP"
"Saint Laurent","660 004 54","LE 18,084.77 EGP"
"Saint Laurent","711 005 52","LE 17,186.52 EGP"
"Mykita","RIKU C514 55","LE 38,205.57 EGP"
"Mykita","BRADLEY C571 51","LE 38,205.57 EGP"
"Mykita","LENNON C793 50","LE 38,205.57 EGP"
"Mykita","ARLO C291 51","LE 32,816.07 EGP"
"Mykita","FERLO C585 53","LE 36,409.07 EGP"
"T Henri","VALOUR VLAL OBSIDIAN 56","LE 52,098.51 EGP"
"T Henri","BIRDCAGE BAU008 DEEP BLUE 42","LE 52,098.51 EGP"
"T Henri","TUATARA TAU008 DEEP BLUE 49","LE 52,098.51 EGP"
"T Henri","TUATARA TAT010 YANGTZE 49","LE 52,098.51 EGP"
"T Henri","BIRDCAGE BAX010 BRIGADE 42","LE 52,098.51 EGP"
"T Henri","CO2 CCT TREFOIL (LIMITED EDITION) 50","LE 148,750.22 EGP"
"T Henri","VALOUR VLAU DEEP BLUE 56","LE 52,098.51 EGP"
"Mykita","RIKU C363 55","LE 38,205.57 EGP"
"Prada","B11S 16K/731 57","LE 22,869.45 EGP"
"Prada","B11S 18T/70F 57","LE 22,869.45 EGP"
"Prada","B12S 18T/70F 55","LE 22,869.45 EGP"
"Rayban","MEGA WAYFARER 0840S 902/4E 51","LE 7,479.43 EGP"
"Rayban","MEGA WAYFARER 0840S 902/1A 51","LE 7,479.43 EGP"
"Rayban","OVAL 3547 001/4E 51","LE 7,060.25 EGP"
"Bugatti","01 BRX ROSE GOLD 142","LE 92,819.18 EGP"
"Bugatti","01 BRX STERLING SILVER 142","LE 92,819.18 EGP"
"Dolce & Gabbana","4482 3440/1 57","LE 16,821.23 EGP"
"Rayban","AVIATOR 3025I 002/58 58","LE 7,958.50 EGP"
"Dolce & Gabbana","4413 675/R5 48","LE 15,144.50 EGP"
"VAVA Eyewear","WL0042 BLACK MATTE & GREEN 45","LE 39,223.59 EGP"
"Mykita","LEICA ML06 60","LE 55,152.56 EGP"
"Mykita","ALISTER C291 53","LE 32,816.07 EGP"
"Rayban","ARI 3758 004/84 56","LE 5,922.46 EGP"
"Dolce & Gabbana","4507 3445/1 27","LE 16,821.23 EGP"
"Maybach","THE KING III MG/B/WDY/Z33 62","LE 178,602.07 EGP"
"VAVA Eyewear","SUZANNE CIANI CL0021 (LIMITED EDITION) BLACK 48","LE 51,200.26 EGP"
"VAVA Eyewear","BL0001 BLACK 54","LE 36,828.26 EGP"
"Versace","2245 1002/80 60","LE 13,168.35 EGP"
"Emporio Armani","4223U 5001/87 56","LE 8,557.33 EGP"
"Balmain","FIXE BPS 123-D 54","LE 56,050.81 EGP"
"Balmain","FIXE BPS 123-E 54","LE 56,050.81 EGP"
"Balmain","BP-CROISSY BPS 126-C 51","LE 44,014.26 EGP"
"Balmain","BP-CROISSY BPS 126-A 51","LE 44,014.26 EGP"
"Balmain","BP-CROISSY BPS 126-B 51","LE 44,014.26 EGP"
"Balmain","B I BPS 100-F 56","LE 45,451.46 EGP"
"Balmain","B I BPS 100-A 56","LE 45,451.46 EGP"
"Balmain","B III BPS 116-C 56","LE 39,403.24 EGP"
"Balmain","B V BPS 121-A 54","LE 39,403.24 EGP"
"Balmain","B-V BPS 121-D 54","LE 39,403.24 EGP"
"Balmain","B V BPS 121-B 54","LE 39,403.24 EGP"
"Balmain","B VI BPS 128-F 54","LE 51,529.62 EGP"
"Balmain","B VI BPS 128-A 54","LE 51,529.62 EGP"
"Balmain","GENDARME BPS 109-D 66","LE 54,553.73 EGP"
"Balmain","GENDARME BPS-109C 66","LE 54,553.73 EGP"
"Balmain","FLECHE BPS 138-A 141","LE 83,327.67 EGP"
"Balmain","FLECHE BPS 138-C 141","LE 83,327.67 EGP"
"Balmain","FLECHE BPS 138-B 141","LE 83,327.67 EGP"
"Balmain","BP-B ESCAPE BPS 143-A 62","LE 53,026.70 EGP"
"Balmain","BP-B ESCAPE BPS 143-B 62","LE 53,026.70 EGP"
"Balmain","BP-B ESCAPE BPS 143-C 62","LE 53,026.70 EGP"
"Balmain","BP-TITAN BPS 139B 59","LE 65,153.08 EGP"
"Balmain","BP-TITAN BPS-139C 59","LE 65,153.08 EGP"
"Balmain","WONDER BOY III BPS-127C 145","LE 83,327.67 EGP"
"Balmain","WONDER BOY III BPS-127B 145","LE 83,327.67 EGP"
"Balmain","CAPTAINE BPS 125-E 62","LE 66,680.10 EGP"
"Balmain","CAPTAINE BPS 125-D 62","LE 66,680.10 EGP"
"Balmain","CAPTAINE BPS 125-C 62","LE 66,680.10 EGP"
"Balmain","OFFICIER BPS 108-E 58","LE 63,626.05 EGP"
"Balmain","MAJOR BPS 147-B 142","LE 63,626.05 EGP"
"Balmain","MAJOR BPS 147-C 142","LE 63,626.05 EGP"
"Balmain","MAJOR BPS 147-A 142","LE 63,626.05 EGP"
"Balmain","B GRAND BPS 144-A 57","LE 53,026.70 EGP"
"Balmain","B GRAND BPS 144-C 57","LE 53,026.70 EGP"
"Balmain","PIERRE BPS 150-G 53","LE 62,128.97 EGP"
"Balmain","PIERRE BPS 150-F 53","LE 62,128.97 EGP"
"Balmain","PIERRE BPS 150-E 53","LE 62,128.97 EGP"
"Balmain","IMPERIAL BPS 145-A 53","LE 46,978.48 EGP"
"Balmain","IMPERIAL BPS 145-C 53","LE 46,978.48 EGP"
"Balmain","IMPERIAL BPS 145-E 53","LE 46,978.48 EGP"
"Balmain","IMPERIAL BPS 145-B 53","LE 46,978.48 EGP"
"Balmain","IMPERIAL BPS 145-F 53","LE 54,553.73 EGP"
"Balmain","LE MASQUE BPS 146-A 147","LE 83,327.67 EGP"
"Balmain","LE MASQUE BPS 146-C 147","LE 83,327.67 EGP"
"Balmain","LE MASQUE BPS 146-B 147","LE 83,327.67 EGP"
"Balmain","SOLDIER BPS 160-C 59","LE 69,704.21 EGP"
"Balmain","SOLDIER BPS 160-A 59","LE 69,704.21 EGP"
"Balmain","SOLDIER BPS 160-B 59","LE 69,704.21 EGP"
"Balmain","BRIGADE III BPS 117-C 52","LE 56,050.81 EGP"
"Balmain","BRIGADE III BPS 117-B 52","LE 56,050.81 EGP"
"Balmain","BRIGADE III BPS 117-A 52","LE 56,050.81 EGP"
"Balmain","BRIGADE IV BPS 120-A 52","LE 56,050.81 EGP"
"Balmain","BRIGADE IV BPS 120C 52","LE 56,050.81 EGP"
"Balmain","BRIGADE IV BPS 120-B 52","LE 56,050.81 EGP"
"Balmain","PREMIER BPS 155-A 61","LE 74,255.35 EGP"
"Balmain","PREMIER BPS 155-B 61","LE 74,255.35 EGP"
"Balmain","OLIVIER BPS 159-C 42","LE 59,104.86 EGP"
"Maybach","THE BOSS II MG-ABM-Z35 59","LE 134,318.34 EGP"
"Maybach","THE KING II RG-WCI-Z62 63","LE 178,602.07 EGP"
"Maybach","THE REBEL II PA-AB-Z60 54","LE 99,945.30 EGP"
"Maybach","THE REBEL II MG-AA-Z62 54","LE 99,945.30 EGP"
"Maybach","THE REBEL I MG-AVM-Z66 50","LE 99,945.30 EGP"
"Maybach","THE REBEL I MG-AA-Z62 50","LE 99,945.30 EGP"
"Maybach","THE PRESIDENT I G HRM 58","LE 203,842.90 EGP"
"Maybach","THE PRESENTER I PA-ABM-Z63 66","LE 99,047.05 EGP"
"Maybach","THE PRESENTER I PA/B-AB-Z60 66","LE 99,047.05 EGP"
"Maybach","THE ORBIT I P-ABM-M68 138","LE 121,563.19 EGP"
"Maybach","THE DAWN I CHG/B-AA-Z34 64","LE 140,306.67 EGP"
"Maybach","THE CREATOR I BM-HF-Z36 63","LE 180,099.16 EGP"
"Maybach","THE BOSS II PA-AAS-Z60 59","LE 134,318.34 EGP"
"Maybach","THE ARTIST SUN I G/WCH/M09 62","LE 157,583.02 EGP"
"Gucci","1543S 002 CLIP ON 54","LE 21,558.00 EGP"
"Montblanc","0383S 003 54","LE 13,773.17 EGP"
"Gucci","1730S 001 50","LE 16,946.99 EGP"
"Gucci","1502S 002 54","LE 16,527.80 EGP"
"Gucci","1346SK 002 56","LE 11,258.07 EGP"
"Prada","B06S 16K/40J 53","LE 21,731.67 EGP"
"Prada","B11S 16K/60P 55","LE 22,869.45 EGP"
"Prada","B12S 16K/60F 55","LE 25,863.62 EGP"
"Prada","B12S 16K/731 55","LE 22,869.45 EGP"
"Alexander Mcqueen","0508S 004 50","LE 12,395.85 EGP"
"Alexander Mcqueen","0508S 001 50","LE 12,395.85 EGP"
"Montblanc","0344S 007 54","LE 17,905.12 EGP"
"Cutler and Gross","THE GREAT FROG SOARING EAGLE 004 01 (LIMITED EDITION) 51","LE 43,175.89 EGP"
"Prada","B11S 16K/731 55","LE 22,869.45 EGP"
"Tom Ford","DAX 0751 39N 50","LE 17,905.12 EGP"
"Tom Ford","DAX 0751-N 01A 48","LE 17,905.12 EGP"
"Dolce & Gabbana","4485 502/71 54","LE 22,450.27 EGP"
"Dolce & Gabbana","4481 502/73 47","LE 23,588.05 EGP"
"Saint Laurent","757 004 64","LE 14,671.42 EGP"
"Saint Laurent","756 004 64","LE 14,671.42 EGP"
"Gucci","1889S 002 51","LE 17,905.12 EGP"
"Gucci","1889S 001 51","LE 17,905.12 EGP"
"Gucci","1869S 004 53","LE 13,294.10 EGP"
"Gucci","1868S 002 53","LE 14,671.42 EGP"
"Gucci","1889S 004 51","LE 17,905.12 EGP"
"Bottega Veneta","1126S 007 58","LE 17,426.05 EGP"
"Ferragamo","318SP 021 60","LE 21,737.65 EGP"
"Ferragamo","318SP 710 60","LE 21,737.65 EGP"
"Versace","4468U 5450/87 53","LE 13,168.35 EGP"
"Prada","A58S 5AK/07V 58","LE 19,336.33 EGP"
"Montblanc","0412S 001 48","LE 17,905.12 EGP"
"Montblanc","0381S 004 54","LE 16,946.99 EGP"
"Montblanc","0381S 002 54","LE 16,946.99 EGP"
"Montblanc","0381S 003 54","LE 16,946.99 EGP"
"Montblanc","0412S 002 48","LE 17,905.12 EGP"
"Montblanc","0412S 003 48","LE 17,905.12 EGP"
"Montblanc","0355S 006 49","LE 13,294.10 EGP"
"Montblanc","0381S 001 54","LE 16,946.99 EGP"
"Montblanc","0253S 011 52","LE 17,905.12 EGP"
"Bottega Veneta","1126S 005 58","LE 17,426.05 EGP"
"Bottega Veneta","1379S 003 51","LE 17,905.12 EGP"
"Bottega Veneta","1380S 001 51","LE 18,803.37 EGP"
"Saint Laurent","757 001 64","LE 14,671.42 EGP"
"Saint Laurent","756 002 64","LE 14,671.42 EGP"
"Rayban","R0101S 003/30 59","LE 10,533.48 EGP"
"Saint Laurent","757 003 64","LE 14,671.42 EGP"
"Saint Laurent","757 002 64","LE 14,671.42 EGP"
"Marc Jacobs","674/S KB7/HA 55","LE 11,018.54 EGP"
"Carrera","1059/S PJP/86 64","LE 5,928.45 EGP"
"Versace","4447 GB1/87 55","LE 14,366.01 EGP"
"Dolce & Gabbana","4485 501/87 54","LE 22,450.27 EGP"
"Tom Ford","1102 52E 59","LE 28,444.59 EGP"
"Cartier","0534S 003 59","LE 53,116.53 EGP"
"Thom Browne","UES412A 001 48","LE 46,709.01 EGP"
"Thom Browne","UES412A 416 48","LE 46,709.01 EGP"
"Cutler and Gross","GR02 01 48","LE 25,510.30 EGP"
"Cutler and Gross","1414 01 54","LE 27,127.15 EGP"
"Cartier","0498S 003 55","LE 63,775.76 EGP"
"Cartier","0271S 010 58","LE 53,116.53 EGP"
"Cartier","0271S 011 58","LE 53,116.53 EGP"
"Cartier","0534S 002 59","LE 53,116.53 EGP"
"Cartier","0534S 004 59","LE 53,116.53 EGP"
"Maybach","THE WOLF I PA/AB/M11 54","LE 88,537.52 EGP"
"Maybach","THE MAGIC I MG/WDH/M13 59","LE 178,602.07 EGP"
"Maybach","THE MAGIC I PA/WDF/M10 59","LE 178,602.07 EGP"
"Maybach","THE KING I RG/HI/Z62 63","LE 178,602.07 EGP"
"Maybach","THE BOSS II PA/ABM/Z66 59","LE 134,318.34 EGP"
"Prada","10ZS 16K/40K 54","LE 22,869.45 EGP"
"Cutler and Gross","1385 01 54","LE 22,576.02 EGP"
"Cartier","0220S 001 56","LE 39,882.31 EGP"
"Cartier","0477S 001 56","LE 69,105.38 EGP"
"Bottega Veneta","1344S 002 61","LE 24,312.64 EGP"
"Gucci","1712S 002 CLIP ON 52","LE 21,558.00 EGP"
"Saint Laurent","720 004 48","LE 16,527.80 EGP"
"Tom Ford","DAX 0751 01D 50","LE 23,953.34 EGP"
"Dolce & Gabbana","4481 3440/1 47","LE 23,588.05 EGP"
"Cartier","0501S 008 54","LE 53,116.53 EGP"
"Cartier","0271S 002 58","LE 53,116.53 EGP"
"Cartier","0220S","LE 39,882.31 EGP"
"Hugo Boss","1269/S R81/KU 57","LE 7,186.00 EGP"
"Rayban","CLUBMASTER 3016 901/58 51","LE 8,377.68 EGP"
"Hugo Boss","1724/S 9G0/KU 55","LE 12,156.32 EGP"
"Versace","2275 1002/87 60","LE 21,192.72 EGP"
"Dolce & Gabbana","4477 502/73 56","LE 23,588.05 EGP"
"Giorgio Armani","8220 6171/C5 52","LE 19,096.80 EGP"
"Coach","7164 9005/3G 59","LE 6,940.48 EGP"
"Carrera","338/S 003/86 58","LE 6,527.28 EGP"
"Tom Ford","1183 52E 56","LE 24,552.17 EGP"
"Cartier","0012S 007 54","LE 36,648.61 EGP"
"Cartier","0012S 006 54","LE 36,648.61 EGP"
"Cartier","0277S 005 55","LE 23,893.45 EGP"
"Off-White","OERI089 1007 50","LE 13,054.57 EGP"
"Montblanc","0354S 002 52","LE 13,294.10 EGP"
"Off-White","OERI113 6055 52","LE 14,431.89 EGP"
"Gucci","1712S 001 CLIP ON 52","LE 21,558.00 EGP"
"Alexander Mcqueen","0478S 003 59","LE 16,527.80 EGP"
"Alexander Mcqueen","0477S 003 59","LE 16,527.80 EGP"
"Alexander Mcqueen","0478S 002 59","LE 16,527.80 EGP"
"Alexander Mcqueen","0477S 002 59","LE 16,527.80 EGP"
"Bottega Veneta","1185S 004 61","LE 18,803.37 EGP"
"Cartier","0439S 003 54","LE 116,892.29 EGP"
"Prada","27YS 1AB/08N 54","LE 17,120.65 EGP"
"Rayban","WAYFARER 2140 902/R5 50","LE 6,700.95 EGP"
"Maui Jim","KŌKUA GM638 02 54","LE 7,898.61 EGP"
"Gucci","1320S 001 54","LE 15,150.49 EGP"
"Tavat Eyewear","NOVA SC511 ZSS SR 47","LE 33,474.79 EGP"
"Tavat Eyewear","NOVA SC510 BCH LO 50","LE 29,881.79 EGP"
"Tavat Eyewear","MAVERICK SC505 BCH LO 49","LE 29,881.79 EGP"
"Tavat Eyewear","ZEPHYR SC501 OBK SR 43","LE 33,474.79 EGP"
"Tavat Eyewear","SHADE SC225 FDG SR 44","LE 29,282.95 EGP"
"Akoni","ERIS-TWO 508D BLK-BLK 51","LE 56,230.46 EGP"
"Thom Browne","UES412A 215 48","LE 46,709.01 EGP"
"Tom Ford","1177 01A 59","LE 20,060.92 EGP"
"Pugnale Eyewear","18 YEAR N462S31 BLACK 62","LE 56,709.53 EGP"
"Rayban","OVAL 3547 9202/S2 54","LE 7,958.50 EGP"
"Emporio Armani","2157 3003/72 54","LE 9,156.16 EGP"
"Tom Ford","FAUSTO 0711 53E 53","LE 24,252.75 EGP"
"Tom Ford","FAUSTO 0711 01N 53","LE 24,252.75 EGP"
"Tom Ford","DAX 0751 53E 50","LE 20,060.92 EGP"
"Tom Ford","EROL 1178 56E 58","LE 22,456.25 EGP"
"Tom Ford","ACHILLES 1182 01A 69","LE 24,552.17 EGP"
"Dolce & Gabbana","4481 501/87 47","LE 23,588.05 EGP"
"Dolce & Gabbana","4477 3446/73 56","LE 23,588.05 EGP"
"Cartier","0427S 002 58","LE 53,116.53 EGP"
"T Henri","SPEKTRE SMA 58","LE 75,476.97 EGP"
"Alexander Mcqueen","0478S 004 59","LE 16,527.80 EGP"
"Alexander Mcqueen","0477S 004 59","LE 16,527.80 EGP"
"Versace","4476U GB1/87 55","LE 17,180.53 EGP"
"Versace","2275 1000/80 60","LE 21,192.72 EGP"
"Bottega Veneta","1331S 001 50","LE 16,946.99 EGP"
"Gucci","1778SA 002 57","LE 16,048.74 EGP"
"Gucci","1732SK 001 55","LE 16,946.99 EGP"
"Gucci","1668S 005 52","LE 16,527.80 EGP"
"Gucci","1677S 001 62","LE 18,803.37 EGP"
"Gucci","1716S 005 54","LE 9,401.68 EGP"
"Gucci","1711S 001 CLIP ON 53","LE 21,558.00 EGP"
"Hugo Boss","1183/S CNO/EQ 56","LE 7,186.00 EGP"
"Hugo Boss","1173/S C9A/9O 52","LE 6,826.70 EGP"
"Hugo Boss","1648/S 086/9K 56","LE 8,742.97 EGP"
"Philipp Plein","SPP005V 6VC 57","LE 19,731.56 EGP"
"Philipp Plein","SPP008M M78 99","LE 24,522.23 EGP"
"Thom Browne","UES812A 004 48","LE 80,962.28 EGP"
"Thom Browne","UES904A 215 38","LE 51,379.91 EGP"
"Thom Browne","UE0914A 100 48","LE 48,265.97 EGP"
"Thom Browne","UE0914A 711 48","LE 48,265.97 EGP"
"Thom Browne","UES119A 711 52","LE 56,889.18 EGP"
"Thom Browne","UES920A 415 47","LE 71,680.36 EGP"
"Thom Browne","UES929A 410 56","LE 63,057.16 EGP"
"Thom Browne","UEO921A 964 48","LE 52,218.28 EGP"
"Dolce & Gabbana","4477 3447/S7 56","LE 23,588.05 EGP"
"Philipp Plein","SPP149V 700 54","LE 23,833.57 EGP"
"Philipp Plein","SPP150 703 67","LE 29,282.95 EGP"
"Thom Browne","UES920A 205 47","LE 71,680.36 EGP"
"Thom Browne","UES924A 100 56","LE 56,889.18 EGP"
"Thom Browne","UES924A 205 56","LE 56,889.18 EGP"
"Thom Browne","UES929A 710 56","LE 63,057.16 EGP"
"Thom Browne","UES800A 004 51","LE 58,446.14 EGP"
"Thom Browne","UES801A 060 51","LE 58,446.14 EGP"
"Hugo Boss","1038/S 003/IR 57","LE 9,641.22 EGP"
"Emporio Armani","4224 6092/80 57","LE 8,557.33 EGP"
"Emporio Armani","4219 6103/87 57","LE 10,952.66 EGP"
"Emporio Armani","4228 3045/80 55","LE 9,755.00 EGP"
"Gast","LUCE LUC04 49","LE 8,683.08 EGP"
"Gast","LUCE LUC03 49","LE 8,683.08 EGP"
"Gast","LUCE LUC01 49","LE 8,683.08 EGP"
"Dolce & Gabbana","4477 501/87 56","LE 23,588.05 EGP"
"Versace","4476U GB1/2 55","LE 17,180.53 EGP"
"Maui Jim","THE FLATS 897 02A 57","LE 11,551.50 EGP"
"Maui Jim","UILA B661 02 62","LE 11,970.68 EGP"
"Tavat Eyewear","PANTOS C SC106 SBB SY 49","LE 29,282.95 EGP"
"Matsuda","2809H-V2 BRUSHED SILVER - BLUE (LIMITED EDITION 500) 52","LE 90,483.73 EGP"
"Gast","PIANO PN02 52","LE 8,683.08 EGP"
"Gast","SERAI SR01 52","LE 8,683.08 EGP"
"Gast","OSCA OSC02 57","LE 8,683.08 EGP"
"Gast","OLLI OL01 52","LE 9,281.92 EGP"
"Gast","ASTRO AS03 53","LE 9,281.92 EGP"
"Matsuda","10601H BRUSHED GOLD - NAVY 45","LE 39,582.89 EGP"
"Rayban","3731 004/84 63","LE 5,623.05 EGP"
"Rayban","4408 1398/80 54","LE 6,281.76 EGP"
"Burberry","4291 3961/80 38","LE 11,671.26 EGP"
"Prada","A06S 16O/10C 50","LE 21,731.67 EGP"
"Bottega Veneta","1128S 006 58","LE 17,426.05 EGP"
"Bottega Veneta","1308S 003 50","LE 21,977.19 EGP"
"Montblanc","0362S 002 49","LE 16,946.99 EGP"
"Montblanc","0254S 007 53","LE 15,150.49 EGP"
"Montblanc","0253S 008 52","LE 16,946.99 EGP"
"Mcqueen","0326S 002 48","LE 6,407.52 EGP"
"Philipp Plein","SPP008M 700X 99","LE 62,039.14 EGP"
"Bottega Veneta","1331S 004 50","LE 16,946.99 EGP"
"Bottega Veneta","1342S 003 59","LE 24,312.64 EGP"
"Cartier","0277S 006 55","LE 23,893.45 EGP"
"Gucci","1676S 005 60","LE 20,599.87 EGP"
"Saint Laurent","715 SLIM 002 49","LE 15,569.67 EGP"
"Saint Laurent","719 001 47","LE 16,527.80 EGP"
"Saint Laurent","732 VADIM 003 54","LE 17,426.05 EGP"
"Gucci","1668S 002 52","LE 16,527.80 EGP"
"Gucci","1716S 002 54","LE 9,401.68 EGP"
"Hugo Boss","1304/S PJP/IR 55","LE 6,527.28 EGP"
"Carrera","028/S PJP/XT 63","LE 5,269.73 EGP"
"Prada","A50S 1BO/02G 60","LE 19,815.40 EGP"
"Prada","A01S 18Z/40K 53","LE 20,534.00 EGP"
"Tom Ford","1019 30F 59","LE 24,851.59 EGP"
"Burberry","4434 3002/73 56","LE 11,671.26 EGP"
"Burberry","3159 1109/87 59","LE 13,886.95 EGP"
"Philipp Plein","DAILY MASTERPIECES SPP043M 722 52","LE 22,456.25 EGP"
"Philipp Plein","ICON SPP042M 700F 54","LE 26,228.90 EGP"
"Philipp Plein","SPP127M 700G 60","LE 32,636.42 EGP"
"Philipp Plein","SPP130M 700 54","LE 32,636.42 EGP"
"Philipp Plein","SPP131 301 64","LE 45,810.76 EGP"
"Philipp Plein","SPP108M 722 56","LE 32,929.85 EGP"
"Philipp Plein","SPP144 700 55","LE 20,659.75 EGP"
"Versace","4476U 5459/87 55","LE 17,180.53 EGP"
"Burberry","3151 1005/87 60","LE 13,886.95 EGP"
"Burberry","4431U 4147/87 56","LE 11,072.43 EGP"
"Burberry","SONNENBRILLE 4438U 3002/73 53","LE 19,456.10 EGP"
"Burberry","4437U 4112/87 55","LE 15,024.73 EGP"
"Burberry","4434 4146/73 57","LE 11,671.26 EGP"
"Burberry","4434 4125/87 57","LE 11,671.26 EGP"
"Versace","4475 314/87 42","LE 19,096.80 EGP"
"Christian Dior","30MONTAIGNE M1U 40102U H0A0 143","LE 31,857.94 EGP"
"Prada","LINEA ROSSA A51S DG0/08F 57","LE 18,617.73 EGP"
"Prada","LINEA ROSSA A50S 5AV/09U 60","LE 17,420.06 EGP"
"Prada","LINEA ROSSA A03S 1BO/5S0 WITH BAND 41","LE 25,264.78 EGP"
"Prada","LINEA ROSSA A03S 1BO/10J WITH BAND 41","LE 26,462.45 EGP"
"Persol","3354S 24/33 56","LE 17,120.65 EGP"
"Bugatti","08 GUNMETAL - WHITE GOLD 58","LE 125,216.07 EGP"
"T Henri","959 9AC CHAMPAGNE 54","LE 51,379.91 EGP"
"Rayban","4840S 601S/T3 50","LE 10,174.18 EGP"
"Dolce & Gabbana","4482 502/73 57","LE 16,821.23 EGP"
"Prada","71ZS 1BC/08V 56","LE 21,731.67 EGP"
"Bottega Veneta","1272S 001 99","LE 21,977.19 EGP"
"Bottega Veneta","1299S 003 99","LE 20,599.87 EGP"
"Alexander Mcqueen","0431S 005 54","LE 17,905.12 EGP"
"Vakay Eyewear","STUBBORN V1 52","LE 35,930.01 EGP"
"Fred","40060U 30G 59","LE 60,236.66 EGP"
"Fred","FG40036U 30B 60","LE 53,835.13 EGP"
"Montblanc","0329O 003 49","LE 11,018.54 EGP"
"Montblanc","0295S 001 49","LE 14,192.35 EGP"
"Oliver Peoples","1002S 4129 59","LE 16,162.51 EGP"
"Gucci","1509S 002 54","LE 17,426.05 EGP"
"Gucci","1331S 007 54","LE 14,671.42 EGP"
"Gucci","1437S 002 55","LE 18,803.37 EGP"
"Emporio Armani","2155 3380/73 58","LE 9,156.16 EGP"
"Coach","8397U 5817/87 57","LE 7,419.55 EGP"
"Tavat Eyewear","TORCH SC060 TGH SL 46","LE 34,073.62 EGP"
"Tavat Eyewear","FLAUNT NN013 UHV SL 48","LE 34,073.62 EGP"
"Tavat Eyewear","FLAUNT NN013 BOP SI 48","LE 34,073.62 EGP"
"Akoni","ECLIPSE AKS 513D PRT-GRY 49","LE 55,032.79 EGP"
"Akoni","ECLIPSE AKS 513C PLD-OLV 49","LE 55,032.79 EGP"
"Akoni","ECLIPSE AKS 513B BLK-BLK 49","LE 55,032.79 EGP"
"Akoni","ECLIPSE AKS 513A GLD-BLK 49","LE 55,032.79 EGP"
"Akoni","SPRINT-A AKS 504D BLK BLK 55","LE 53,835.13 EGP"
"Akoni","COSMO AKS-114C GRY-PLD 52","LE 53,835.13 EGP"
"Akoni","SKYRACER 511C SLV-SLV 54","LE 57,787.43 EGP"
"Emporio Armani","4237 6190/6R 57","LE 10,952.66 EGP"
"Rayban","4840S 601S/71 50","LE 8,437.56 EGP"
"Rayban","CARAVAN REVERSE R0102S 001/LB 58","LE 10,114.30 EGP"
"Rayban","2191 1294/3M 54","LE 7,898.61 EGP"
"Versace","2266 1002/13 64","LE 17,180.53 EGP"
"David Beckham","1098/S 2IK/KU 49","LE 12,216.20 EGP"
"Ferragamo","2033 216 53","LE 17,785.35 EGP"
"Ferragamo","2015 242 53","LE 17,785.35 EGP"
"Ferragamo","2015 001 53","LE 17,785.35 EGP"
"Ferragamo","1087 219 56","LE 15,390.02 EGP"
"Kuboraum","P90 SIFX 99","LE 39,762.54 EGP"
"Kuboraum","U8 BS 48","LE 41,499.16 EGP"
"Kuboraum","P13 HA 55","LE 37,067.79 EGP"
"Kuboraum","Z19 BM 43","LE 28,145.17 EGP"
"Kuboraum","Q2 BM 51","LE 34,732.34 EGP"
"Ferragamo","2033 414 53","LE 17,785.35 EGP"
"Ferragamo","2034 014 50","LE 17,785.35 EGP"
"Prada","A17S 19T/80F 54","LE 25,863.62 EGP"
"Ferragamo","309 017 57","LE 17,485.94 EGP"
"Rayban","AVIATOR 3025I 001/3F 58","LE 5,263.75 EGP"
"Rayban","AVIATOR 3025I 001/3F 62","LE 5,084.10 EGP"
"Rayban","WAYFARER OVAL 2242 1385/96 53","LE 9,275.93 EGP"
"Cutler and Gross","1386 10 52","LE 25,210.89 EGP"
"Cutler and Gross","9495 02 53","LE 25,570.19 EGP"
"Rayban","WAYFARER 2140 1359/31 50","LE 7,539.31 EGP"
"Rayban","AVIATOR LARGE METAL 3025 002/51 62","LE 7,120.13 EGP"
"Rayban","AVIATOR LARGE METAL 3025 004/71 62","LE 7,120.13 EGP"
"Rayban","AVIATOR LARGE METAL 3025 W0879 58","LE 6,700.95 EGP"
"Emporio Armani","4225U 5088/13 53","LE 7,958.50 EGP"
"Emporio Armani","4219 5763/80 57","LE 9,156.16 EGP"
"Maui Jim","LIGHTHOUSE 423 02 65","LE 7,898.61 EGP"
"Bottega Veneta","1267S 002 58","LE 16,048.74 EGP"
"Emporio Armani","4219 6102/76 57","LE 9,156.16 EGP"
"Emporio Armani","4208 6054/80 56","LE 10,353.83 EGP"
"Rayban","AVIATOR REVERSE R0101S 003/GR 62","LE 7,599.20 EGP"
"Saint Laurent","610 003 59","LE 16,527.80 EGP"
"Jacquemus","JAC 002 C1 57","LE 19,941.15 EGP"
"Jacquemus","ROND CARE JAC 011 C1 54","LE 17,485.94 EGP"
"Hugo Boss","1628/S 086/QT 54","LE 10,000.52 EGP"
"Christian Dior","DIORB23 S1I 40052I 55H7 53","LE 23,414.39 EGP"
"David Beckham","1080/CS WR7/LB CLIP ON 49","LE 12,515.62 EGP"
"Prada","LINEA ROSSA 55WS 1BC/06G 60","LE 17,000.88 EGP"
"Bottega Veneta","1260S 001 49","LE 16,527.80 EGP"
"Gucci","1502S 003 54","LE 16,527.80 EGP"
"Rayban","BOYFRIEND REVERSE R0501S 6709/CB 56","LE 8,018.38 EGP"
"Maui Jim","HT661 10B 62","LE 11,970.68 EGP"
"Gucci","1529S 002 54","LE 18,803.37 EGP"
"Tom Ford","1074 01C 58","LE 28,145.17 EGP"
"Saint Laurent","660 002 54","LE 18,803.37 EGP"
"T Henri","TAYCAN TAAP DSB 52","LE 52,876.99 EGP"
"T Henri","UTOPIA UAG BG 53","LE 56,290.34 EGP"
"T Henri","TAYCAN TAAR DSB 50","LE 52,876.99 EGP"
"Christian Dior","CD DIAMOND S6I 20B0 55","LE 37,067.79 EGP"
"Prada","04YS 17G/02G 57","LE 15,324.15 EGP"
"Tom Ford","DUNNING 0907 52E 55","LE 21,857.42 EGP"
"Off-White","OERI124 1007 49","LE 22,995.20 EGP"
"Vakay Eyewear","SUBLIMIS V59 58","LE 42,816.59 EGP"
"So Ya Eyewear","ERACLES CRY 55","LE 26,408.55 EGP"
"Gucci","1430SK 004 57","LE 13,294.10 EGP"
"Prada","19WS 2AU/8C1 52","LE 21,731.67 EGP"
"Emporio Armani","2157 3006/7 54","LE 9,156.16 EGP"
"Emporio Armani","4237 5001/6G 57","LE 9,156.16 EGP"
"Emporio Armani","4237 6189/25 57","LE 10,952.66 EGP"
"Rayban","R0103S 001/VR 53","LE 7,958.50 EGP"
"Rayban","R0103S 001/CB 57","LE 8,377.68 EGP"
"Marc Jacobs","782/S 84J/08 54","LE 14,611.54 EGP"
"Rayban","R0103S 002/GR 53","LE 7,958.50 EGP"
"Akoni","LEO AKS-101A BLK 54","LE 38,864.29 EGP"
"David Beckham","1145/G/S 807/IR 58","LE 9,042.38 EGP"
"David Beckham","1141/S 807/QT 55","LE 9,042.38 EGP"
"Akoni","TIROS AKS-510B PLD-GRY 58","LE 61,081.01 EGP"
"Akoni","SKYMAPPER AKS-501D RSE - BLK 51","LE 50,002.59 EGP"
"Akoni","STARGAZER AKS-500D GLD - BLK 59","LE 49,044.46 EGP"
"Akoni","STARGAZER AKS-500E GLD - GRY 59","LE 49,044.46 EGP"
"Akoni","STARGAZER AKS-500A GLD-GRY 59","LE 49,044.46 EGP"
"Akoni","ULYSSES AKS-205C GLD-OLV 57","LE 55,392.09 EGP"
"Akoni","EOS AKS-201B PLD-GRY 57","LE 40,421.26 EGP"
"Akoni","EUROPA AKS-200A GLD-TRT 50","LE 40,660.79 EGP"
"Akoni","COLUMBA AKS-113C CLR-GLD 56","LE 38,924.17 EGP"
"Akoni","COLUMBA AKS-113A BLK-BLK 56","LE 38,924.17 EGP"
"Akoni","PYXIS AKS-111C-52 CLR - GLD 52","LE 50,840.96 EGP"
"Akoni","PYXIS AKS-111A BLK 52","LE 50,840.96 EGP"
"Akoni","PYXIS AKS-111B OLV - GLD 52","LE 50,840.96 EGP"
"Maui Jim","PUNIKAI B631 02 56","LE 11,072.43 EGP"
"Akoni","LEO AKS-101C OLV 54","LE 38,864.29 EGP"
"Akoni","LEO AKS-101B-54 TRT 54","LE 38,864.29 EGP"
"Akoni","COLUMBA AKS-100A BLK 54","LE 40,061.96 EGP"
"Maui Jim","MAKUAHINE ASIAN FIT H654 01 55","LE 11,970.68 EGP"
"David Beckham","1142/S AOZ/08 51","LE 12,815.04 EGP"
"David Beckham","1076/S KVI/IR 54","LE 8,563.32 EGP"
"David Beckham","1092/S WGW/9K 55","LE 9,102.27 EGP"
"David Beckham","1139/S 05K/2M 51","LE 11,557.49 EGP"
"David Beckham","7119/S 2M2/9O 52","LE 12,815.04 EGP"
"Akoni","ULYSSES AKS-205-A GLD-BLK 57","LE 55,392.09 EGP"
"Saint Laurent","668 003 56","LE 13,294.10 EGP"
"Saint Laurent","668 002 56","LE 13,294.10 EGP"
"Akoni","DISCOVERY 509C GRN-GLD 55","LE 65,212.96 EGP"
"Akoni","DISCOVERY 509B GRY-PLD 55","LE 65,212.96 EGP"
"Akoni","SKYMAPPER AKS-501B PLD-GRY 51","LE 50,002.59 EGP"
"Akoni","HERA AKS-203D BLK - GLD 58","LE 56,230.46 EGP"
"Dolce & Gabbana","4464 2525/6G 56","LE 16,821.23 EGP"
"Gucci","1618SA 002 56","LE 19,701.62 EGP"
"Christian Dior","CD ICON S1F 33B0 56","LE 27,306.80 EGP"
"Emporio Armani","4224 5017/T3 57","LE 10,353.83 EGP"
"Dolce & Gabbana","2305 05/AL 44","LE 23,588.05 EGP"
"Gucci","1771S 009 51","LE 21,078.94 EGP"
"Akoni","TIROS 510C GLD-BRN 58","LE 61,081.01 EGP"
"Prada","01ZS 1AB/06T 58","LE 14,665.43 EGP"
"Frency & Mercury","CHEETAH MBG 60","LE 28,564.35 EGP"
"Bottega Veneta","1308S 002 50","LE 47,607.26 EGP"
"Bottega Veneta","1308S 001 50","LE 21,977.19 EGP"
"Christian Dior","40083I CD DIAMOND S2I 30A0 54","LE 21,977.19 EGP"
"Christian Dior","40032I DIORBLACKSUIT S3I 20F2 54","LE 35,510.82 EGP"
"Prada","A57S 1BC/10G 61","LE 19,336.33 EGP"
"Christian Dior","AL13.2 10GMV 59","LE 22,576.02 EGP"
"Christian Dior","CD DIAMOND S2I 40083I 55B0 54","LE 35,510.82 EGP"
"Christian Dior","CD DIAMOND C1U 40082U 45A4 55","LE 38,864.29 EGP"
"Christian Dior","DIORBLACKSUIT S10I 40074I 20C0 51","LE 26,468.44 EGP"
"Christian Dior","NEODIOR RU 40024U H0C0 56","LE 32,696.31 EGP"
"Rayban","4306 601/71 54","LE 6,281.76 EGP"
"Maui Jim","HIEHIE GS636 14 50","LE 14,246.25 EGP"
"Coach","8397U 5774/73 57","LE 7,419.55 EGP"
"Dolce & Gabbana","4461 3358/69 57","LE 15,144.50 EGP"
"Dolce & Gabbana","4461 501/87 57","LE 15,144.50 EGP"
"Dolce & Gabbana","4461 502/73 57","LE 15,144.50 EGP"
"Rayban","3447 004/G4 50","LE 10,174.18 EGP"
"Coach","7164 9333/71 59","LE 6,940.48 EGP"
"Coach","7163 9005/3G 52","LE 6,940.48 EGP"
"Gucci","1509S 003 54","LE 17,426.05 EGP"
"Hugo Boss","1505/S 086/IR 52","LE 10,000.52 EGP"
"Versace","2264 1261/1 56","LE 20,054.93 EGP"
"Carrera","4019/S 086/HA 58","LE 4,670.90 EGP"
"Ferragamo","263 271 55","LE 14,491.77 EGP"
"David Beckham","7007/S EX4/KU 58","LE 8,204.02 EGP"
"Dolce & Gabbana","6185 501/87 55","LE 18,557.85 EGP"
"Montblanc","0189S 005 54","LE 17,905.12 EGP"
"Prada","PRADA LINEA ROSSA 53YS 1BC/08U 40","LE 17,599.71 EGP"
"Ferragamo","1104S 001 55","LE 15,988.85 EGP"
"Jean Philippe Joly","PRODUCTEUR 31/50 LIMITED EDITION CRYSTAL / HAVANA BROWN 42","LE 29,702.14 EGP"
"Jean Philippe Joly","PRODUCTEUR 933 BLUE COBALT / HAVANA YELLOW 42","LE 27,965.52 EGP"
"Dolce & Gabbana","2305 02/87 44","LE 23,588.05 EGP"
"Jean Philippe Joly","ENJOY LIFE 159 BORDEAUX / BLUE SKY 44","LE 31,498.64 EGP"
"Jean Philippe Joly","TAKE YOUR TIME 158 44","LE 28,983.54 EGP"
"VAVA Eyewear","BL0003 BLACK 56","LE 32,337.01 EGP"
"Gast","MILE ML04 54","LE 8,742.97 EGP"
"Prada","A53S VAF/10D 59","LE 22,869.45 EGP"
"Prada","PRADA LINEA ROSSA 53YS 1BO/02U 40","LE 16,402.05 EGP"
"Balenciaga","0004S 001 99","LE 17,186.52 EGP"
"Rayban","DRIFTER 0360S 1404/3F 57","LE 7,599.20 EGP"
"Rayban","4435 6615/B1 56","LE 6,281.76 EGP"
"Rayban","3025I 004/51 58","LE 5,084.10 EGP"
"VAVA Eyewear","WL0000 CRYSTAL BLUE MATTE 51","LE 32,337.01 EGP"
"Emporio Armani","2150 3015/4V 57","LE 12,210.21 EGP"
"VAVA Eyewear","BL0004 ACID GREEN 59","LE 32,337.01 EGP"
"VAVA Eyewear","BL0003 HAVANA 56","LE 32,337.01 EGP"
"VAVA Eyewear","WL0058 YELLOW 44","LE 32,337.01 EGP"
"VAVA Eyewear","WL0058 RED 44","LE 32,337.01 EGP"
"VAVA Eyewear","WL0065 BLACK MATTE 55","LE 32,337.01 EGP"
"VAVA Eyewear","BL0004 BLACK 59","LE 32,337.01 EGP"
"Tom Ford","HUXLEY 1159 30E 68","LE 26,947.50 EGP"
"Tom Ford","HUXLEY 1159 30A 68","LE 26,947.50 EGP"
"Prada","09ZS 06V/40E 54","LE 22,869.45 EGP"
"Celine","40214 01A 53","LE 19,941.15 EGP"
"Dolce & Gabbana","6195 2525/7N 45","LE 23,588.05 EGP"
"Prada","A53S 1BO/5S0 59","LE 22,869.45 EGP"
"Prada","A53S 1BO/05Q 59","LE 22,869.45 EGP"
"Prada","A05S 16O/10C 53","LE 21,731.67 EGP"
"Prada","10ZS 19D/5S0 54","LE 22,869.45 EGP"
"Dunhill","0089S 003 48","LE 16,946.99 EGP"
"David Beckham","1144/CS RHL/Z7 CLIP ON 52","LE 15,330.14 EGP"
"David Beckham","7000/S FLAT 63M/HA 54","LE 10,299.94 EGP"
"David Beckham","7044/S 37N/9O 54","LE 8,623.20 EGP"
"Rayban","AVIATOR LARGE METAL 3025 004/78 62","LE 8,377.68 EGP"
"Rayban","AVIATOR LARGE METAL 3025 004/71 58","LE 7,120.13 EGP"
"Rayban","AVIATOR LARGE METAL 3025 002/48 58","LE 7,958.50 EGP"
"Rayban","WAYFARER 2140 1277/71 50","LE 7,120.13 EGP"
"Rayban","3717 003/3F 57","LE 7,599.20 EGP"
"Rayban","NEW AVIATOR 3625 9202/3F 58","LE 7,599.20 EGP"
"Rayban","WAYFARER 2140 1358/31 50","LE 7,539.31 EGP"
"Rayban","4426 6686/8F 54","LE 6,641.06 EGP"
"Rayban","WAYFARER 1294/33 54","LE 6,700.95 EGP"
"Rayban","WAYFARER WAY 2241 1332/3F 51","LE 7,120.13 EGP"
"Rayban","WAYFARER WAY 2241 1333/71 51","LE 7,120.13 EGP"
"Vakay Eyewear","ALTUS V7 52","LE 32,935.84 EGP"
"Gucci","1615S 002 57","LE 19,701.62 EGP"
"Tom Ford","LIONEL-02 1105 90V 55","LE 24,552.17 EGP"
"Cartier","0034S 007 61","LE 58,446.14 EGP"
"Rayban","R0101S 001/82 59","LE 7,599.20 EGP"
"Versace","2258 1002/MA 45","LE 14,725.31 EGP"
"Tavat Eyewear","STORM SC222 SIV SY 47","LE 30,241.09 EGP"
"Tavat Eyewear","BOMBER SC303 OBK SS 53","LE 33,295.14 EGP"
"Burberry","4401U 3002/2 30","LE 11,671.26 EGP"
"Prada","04WS DG0/70A 39","LE 18,617.73 EGP"
"Maui Jim","KŪPA‘A GS641 14 55","LE 14,246.25 EGP"
"Maui Jim","PUNIKAI GM631 10 56","LE 11,072.43 EGP"
"Gucci","1518S 001 51","LE 21,078.94 EGP"
"Saint Laurent","469 020 51","LE 16,527.80 EGP"
"Gucci","1592S 003 55","LE 22,935.32 EGP"
"Gucci","1592S 004 55","LE 22,935.32 EGP"
"Gucci","1591S 003 58","LE 22,935.32 EGP"
"Gucci","1515S 001 61","LE 21,977.19 EGP"
"Gucci","1460S 007 56","LE 23,354.50 EGP"
"Oakley","ENCODER 9471 9471/05 36","LE 9,335.81 EGP"
"Alexander Mcqueen","0431S 004 54","LE 17,905.12 EGP"
"Alexander Mcqueen","0449S 001 53","LE 12,395.85 EGP"
"Gast","DOL DL04 52","LE 8,742.97 EGP"
"Gast","DOL DL01 52","LE 8,742.97 EGP"
"T Henri","959 9AT YANGTZE 54","LE 51,379.91 EGP"
"T Henri","H1 HAB CARBON 54","LE 51,379.91 EGP"
"T Henri","BERLINETTE CASINO ROYALE 63/85 61","LE 85,393.65 EGP"
"T Henri","SCUD SMA001 ANOMOLY 52","LE 85,393.65 EGP"
"Off-White","GUSTAV OERI038 1007 62","LE 17,066.75 EGP"
"Off-White","LEONARDO OERI049 0107 51","LE 25,151.00 EGP"
"Versace","4464 5456/87 55","LE 18,318.31 EGP"
"T Henri","DROPHEAD BOUTIQUE EDITION 48/95 58","LE 85,393.65 EGP"
"Gucci","1175SK 003 56","LE 12,815.04 EGP"
"Off-White","JACOB OERI043 6064 55","LE 19,162.67 EGP"
"Off-White","JOSEPH OERI044 1007 61","LE 19,162.67 EGP"
"Gucci","1457S 005 57","LE 14,192.35 EGP"
"Dolce & Gabbana","4464 502/73 56","LE 16,821.23 EGP"
"Off-White","FILLMORE OERI124 1055 49","LE 22,995.20 EGP"
"Prada","25ZS U43/0A9 53","LE 22,869.45 EGP"
"Bottega Veneta","1271S 002 63","LE 21,977.19 EGP"
"Prada","25ZS 1AB/05Z 53","LE 25,863.62 EGP"
"Prada","03ZS 1AB/06T 54","LE 20,534.00 EGP"
"Tavat Eyewear","PANTOS C SC106 VGP SH 47","LE 29,282.95 EGP"
"Prada","27ZS 16O/50E 54","LE 21,731.67 EGP"
"Prada","25ZS 18I/04D 53","LE 25,863.62 EGP"
"Gast","FLAGO LG01 49","LE 8,683.08 EGP"
"Balenciaga","0227S 004 71","LE 17,186.52 EGP"
"Gast","FLAGO LG04 49","LE 8,742.97 EGP"
"Carrera","4019/S BLX/Q3 58","LE 6,527.28 EGP"
"Gucci","1263S 005 57","LE 15,150.49 EGP"
"Maui Jim","KŌKUA B638 03 54","LE 7,898.61 EGP"
"Maui Jim","LAULIMA ASIAN FIT 656 02A 61","LE 10,174.18 EGP"
"Gucci","1618S 002 56","LE 19,701.62 EGP"
"Gucci","1618S 001 56","LE 19,701.62 EGP"
"Gucci","1615S 003 57","LE 19,701.62 EGP"
"Gucci","1591S 002 58","LE 16,946.99 EGP"
"Montblanc","0339S 001 53","LE 16,946.99 EGP"
"Tom Ford","MARCUS 1023 01B 60","LE 21,857.42 EGP"
"T Henri","959 9AU DEEP BLUE 54","LE 51,379.91 EGP"
"T Henri","STINGRAY SCG RAINFOREST 47","LE 52,751.24 EGP"
"T Henri","DAYTONA DAG RAINFOREST 52","LE 51,373.92 EGP"
"Dsquared2","0051/S 807/9O 54","LE 10,419.70 EGP"
"Rayban","WAYFARER REVERSE R0502S 6780/72 50","LE 7,599.20 EGP"
"Rayban","XIME 3730 004/84 64","LE 5,623.05 EGP"
"Rayban","AVIATOR REVERSE R0101S 003/GA 59","LE 8,437.56 EGP"
"Rayban","AVIATOR REVERSE R0101S 001/VR 62","LE 7,599.20 EGP"
"Tavat Eyewear","PANTOS M SC105 LGN 49","LE 24,552.17 EGP"
"Cartier","0270S 012 61","LE 53,116.53 EGP"
"Akoni","TIROS 510D SLV-BLU 58","LE 61,081.01 EGP"
"Alexander Mcqueen","0460S 002 99","LE 19,701.62 EGP"
"Celine","40256I 01D 58","LE 24,791.70 EGP"
"Rayban","TERU 4425 6758/1A 54","LE 5,623.05 EGP"
"Rayban","TERU 4425 6761/80 54","LE 5,623.05 EGP"
"David Beckham","7000/S FLAT 7C5/IR 54","LE 10,299.94 EGP"
"Prada","03ZS 15P/20A 44","LE 20,893.30 EGP"
"Rayban","EMY 3741 004/1A 56","LE 5,623.05 EGP"
"Celine","40280U 01A 54","LE 26,049.25 EGP"
"VAVA Eyewear","BL0006 HAVANA BROWN 48","LE 27,546.34 EGP"
"Gucci","1331S 008 54","LE 14,671.42 EGP"
"Maui Jim","MANA‘OLANA HTS623 14 50","LE 16,162.51 EGP"
"Gucci","1309S 007 57","LE 18,803.37 EGP"
"Maui Jim","KŪPA‘A HTS641 01 55","LE 14,246.25 EGP"
"Maui Jim","MALUHIA HS643 10 52","LE 14,246.25 EGP"
"Dunhill","0061S 004 56","LE 21,078.94 EGP"
"Dunhill","0061S 002 56","LE 21,078.94 EGP"
"Gucci","1437S 003 55","LE 18,803.37 EGP"
"Bottega Veneta","1260S 005 49","LE 16,527.80 EGP"
"Gucci","1461S 003 55","LE 16,946.99 EGP"
"Bottega Veneta","1261S 002 56","LE 16,946.99 EGP"
"Maui Jim","KA‘OUO ASIAN FIT GS625 14 53","LE 16,521.81 EGP"
"Maui Jim","WAIWAI RM634 17 59","LE 14,246.25 EGP"
"Saint Laurent","659 002 55","LE 18,803.37 EGP"
"VAVA Eyewear","SUZANNE CIANI CL0019 (LIMITED EDITION) GREEN 47","LE 50,601.43 EGP"
"Cutler and Gross","1403 03 54","LE 26,228.90 EGP"
"Alexander Mcqueen","0460S 004 99","LE 18,324.30 EGP"
"Alexander Mcqueen","0458S 002 58","LE 16,946.99 EGP"
"Alexander Mcqueen","0458S 004 58","LE 19,282.44 EGP"
"Gucci","1517S 001 54","LE 21,078.94 EGP"
"Prada","A10S 16O/20C 57","LE 19,995.05 EGP"
"Prada","10ZS 2AU/06B 54","LE 22,869.45 EGP"
"Gucci","1237S 003 WITH BAND 53","LE 16,048.74 EGP"
"Saint Laurent","611 002 59","LE 16,527.80 EGP"
"Rayban","BILL ONE 2205 1397/R5 57","LE 6,700.95 EGP"
"Cartier","0326S 002 57","LE 58,446.14 EGP"
"Rayban","4407 6545/71 57","LE 6,281.76 EGP"
"Rayban","AVIATOR LARGE METAL 3025 177/4E 58","LE 4,904.45 EGP"
"Prada","A05S 17N/90B 53","LE 21,731.67 EGP"
"Dolce & Gabbana","6196 3294/2V 59","LE 20,653.77 EGP"
"Bugatti","10 MATTE BLACK ACETATE - 18K RGP 64","LE 103,897.60 EGP"
"Burberry","4402U 3001/55 56","LE 10,593.36 EGP"
"Cartier","0303S 003 61","LE 53,116.53 EGP"
"Rayban","3765 9196/31 53","LE 7,180.01 EGP"
"Tom Ford","CAMILLO 988 52N 60","LE 20,659.75 EGP"
"Maui Jim","B842 27G 52","LE 12,210.21 EGP"
"Prada","22YS 17O/60B 56","LE 20,534.00 EGP"
"Burberry","4404 4098/71 50","LE 12,809.05 EGP"
"Rayban","MEGA WAYFARER 0840S 954/33 51","LE 7,180.01 EGP"
"Alexander Mcqueen","0430S 003 99","LE 19,282.44 EGP"
"Fendi","SHADOW 40113I 50E 52","LE 25,330.65 EGP"
"Carrera","8066/CS OIT/UC CLIP ON 50","LE 5,629.03 EGP"
"Carrera","8066/CS 08A/M9 CLIP ON 50","LE 5,629.03 EGP"
"Dolce & Gabbana","6196 501/6G 59","LE 18,557.85 EGP"
"Dolce & Gabbana","6196 3159/73 59","LE 18,557.85 EGP"
"T Henri","SLANTNOSE CRYSTAL 78/85 52","LE 57,296.38 EGP"
"VAVA Eyewear","WL0053 GREEN 53","LE 32,337.01 EGP"
"Cutler and Gross","1352","LE 19,042.90 EGP"
"Frency & Mercury","MY BURRITO III ABG 55","LE 19,387.83 EGP"
"Burberry","3090Q 1167/73 58","LE 32,313.05 EGP"
"Cutler and Gross","1375 03 56","LE 10,353.83 EGP"
"Gucci","0356S 007 61","LE 21,258.59 EGP"
"Gucci","0305S 001 50","LE 34,373.04 EGP"
"Gucci","0575SK 005 56","LE 17,905.12 EGP"
"Alexander Mcqueen","0297S 001 54","LE 14,192.35 EGP"
"Rayban","MAGELLAN 4408 1359/73 54","LE 6,281.76 EGP"
"Maui Jim","CHEETAH 5 842 02K 52","LE 12,210.21 EGP"
"Fendi","40080U 30E 65","LE 28,145.17 EGP"
"Versace","4430U 108/87 53","LE 13,647.41 EGP"
"David Beckham","7067/F/S 3MA/UC 55","LE 11,258.07 EGP"
"Rayban","LEONARD 2193 901/31 53","LE 6,221.88 EGP"
"Hugo Boss","1595/S ACI/2M 53","LE 10,599.35 EGP"
"Marc Jacobs","713/S EX4/SE 61","LE 11,617.37 EGP"
"Marc Jacobs","713/S 807/9O 61","LE 11,617.37 EGP"
"Alexander Mcqueen","0397S 002 52","LE 16,527.80 EGP"
"Giorgio Armani","6145 3260/73 53","LE 21,731.67 EGP"
"Rayban","AVIATOR 3025I 001/58 62","LE 6,102.11 EGP"
"Cartier","0220SA 001 56","LE 39,882.31 EGP"
"Akoni","ERIS AKS-505B PLD-NVY 46","LE 54,793.26 EGP"
"Giorgio Armani","6146 3045/5A 53","LE 18,198.55 EGP"
"Prada","18WS 1AB/731 56","LE 15,863.10 EGP"
"Dolce & Gabbana","4433 3297/71 58","LE 14,425.90 EGP"
"Dolce & Gabbana","4430 3404/71 54","LE 15,144.50 EGP"
"Marc Jacobs","680/S 900/9O 55","LE 9,521.45 EGP"
"Balenciaga","0272SA 002 54","LE 16,707.45 EGP"
"Prada","LINEA ROSSA 05YS TWK/40A 58","LE 15,863.10 EGP"
"Irresistor","STARDUST GD BLK M 70","LE 23,893.45 EGP"
"Akoni","ICARUS AKS-206B NVY-PLD 58","LE 62,877.51 EGP"
"Akoni","SKYMAPPER AKS-501A GLD-AMB 51","LE 50,002.59 EGP"
"VAVA Eyewear","BL0037 BLACK 50","LE 32,337.01 EGP"
"VAVA Eyewear","WL0049 BLACK 50","LE 32,337.01 EGP"
"Prada","27ZS 11L/08Z 54","LE 21,731.67 EGP"
"Cartier","0385S 002 60","LE 58,446.14 EGP"
"Rayban","HEXAGONAL 3548 9196/BF 51","LE 6,700.95 EGP"
"Cartier","0325S 008 59","LE 58,446.14 EGP"
"Cartier","0325S 009 59","LE 58,446.14 EGP"
"Cartier","0325S 006 59","LE 58,446.14 EGP"
"Prada","24YS 4615/S0 55","LE 19,935.16 EGP"
"Cartier","0229S 003 60","LE 53,116.53 EGP"
"Carrera","1023/S 807/9O 60","LE 6,826.70 EGP"
"Tom Ford","DASHEL 0996 08N 62","LE 23,055.09 EGP"
"Bvlgari","7039 504/AN 56","LE 24,067.12 EGP"
"T Henri","BIRDCAGE SHAMROCK 41.5","LE 51,200.26 EGP"
"T Henri","EVO VAPOR 52","LE 44,625.07 EGP"
"T Henri","VENENO TUNGSTEN 47","LE 54,266.29 EGP"
"Emporio Armani","4205 5088/80 55","LE 8,736.98 EGP"
"Gucci","0672S 004 58","LE 17,905.12 EGP"
"Jimmy Choo","RYAN/S 086/QT 54","LE 11,677.25 EGP"
"Tom Ford","REX-02 1001 52F 57","LE 21,258.59 EGP"
"VAVA Eyewear","WL0002 GREEN 47","LE 32,337.01 EGP"
"VAVA Eyewear","BL0034 BLACK 39","LE 32,337.01 EGP"
"Dunhill","0034S 002 53","LE 21,078.94 EGP"
"Cartier","0015S 005 52","LE 49,403.76 EGP"
"VAVA Eyewear","WL0040 CRYSTAL MATTE 45","LE 32,337.01 EGP"
"Rayban","WAYFARER 2140 901/5F 54","LE 8,018.38 EGP"
"Cartier","0326S 006 57","LE 58,446.14 EGP"
"Emporio Armani","4184 5932/6Q 49","LE 6,162.00 EGP"
"Cazal Eyewear","664/3 002 56","LE 25,300.71 EGP"
"Emporio Armani","4177 5002/80 57","LE 7,659.08 EGP"
"Emporio Armani","4161 5089/73 57","LE 7,898.61 EGP"
"VAVA Eyewear","WL0026 GREEN 52","LE 32,337.01 EGP"
"Hugo Boss","1446/S 6LB/KI 59","LE 12,815.04 EGP"
